Time[s], Channel 7
-0.100000000000000, 1
0.000000000000000, 0
0.000005500000000, 1
0.000010750000000, 0
0.000032250000000, 1
0.000037750000000, 0
0.000048500000000, 1
0.000148000000000, 0
0.000201500000000, 1
0.000274250000000, 0
0.000279750000000, 1
0.000290250000000, 0
0.000295750000000, 1
0.000301000000000, 0
0.000328000000000, 1
0.000398500000000, 0
0.000452000000000, 1
0.001414000000000, 0
0.001419500000000, 1
0.001424750000000, 0
0.001446500000000, 1
0.001451750000000, 0
0.001462500000000, 1
0.001507750000000, 0
0.001561250000000, 1
0.001736750000000, 0
0.001742250000000, 1
0.001758250000000, 0
0.001790500000000, 1
0.001849000000000, 0
0.001902500000000, 1
