Time[s], Channel 7
-0.100000000000000, 1
0.000000000000000, 0
0.000005500000000, 1
0.000010750000000, 0
0.000032250000000, 1
0.000037500000000, 0
0.000048500000000, 1
0.000117000000000, 0
0.000170500000000, 1
0.000247250000000, 0
0.000252750000000, 1
0.000263500000000, 0
0.000269000000000, 1
0.000274250000000, 0
0.000301250000000, 1
0.000367750000000, 0
0.000421000000000, 1
0.001860250000000, 0
0.001865750000000, 1
0.001871000000000, 0
0.001892750000000, 1
0.001898000000000, 0
0.001908750000000, 1
0.001983500000000, 0
0.002036750000000, 1
0.002107750000000, 0
0.002113000000000, 1
0.002123750000000, 0
0.002161500000000, 1
0.002282000000000, 0
0.002335500000000, 1
0.002430250000000, 0
0.002435750000000, 1
0.002462500000000, 0
0.002484000000000, 1
0.002516750000000, 0
0.002570000000000, 1
0.002790500000000, 0
0.002801250000000, 1
0.002806500000000, 0
0.002812000000000, 1
0.002817250000000, 0
0.002844250000000, 1
0.002874000000000, 0
0.002927250000000, 1
